Title,Ingredients,Steps
Lumpia udang kulit tahu,"""['50 gram ayam potong kotak kecil', '200 gram udang besar potong kecil', '1 lembar daun bawang iris halus', '1/2 sendok teh garam halus/sesuai selera', '1/2 sendok teh gula', '1/4 sendok teh merica bubuk', '1 sendok teh kecap ikan', '1 sendok teh saus raja rasa', '1 sendok teh saus tiram', '1 sendok teh minyak wijen', '1 sendok makan tepung sagu', '1 sendok teh tepung terigu', '1 butir telur ambil bagian putihnya saja, kocok lepas', '2 lembar kembang tahu kering / kulit tahu direndam sebentar']""","Campur ayam & udang dengan semua bumbu & daun bawang, aduk rata. Sesudah rata masukkan tepung sagu, terigu & putih telur. Aduk rata.--Isikan ke lembaran kulit kembang tahu & lipat seperti melipat lumpia, sambil dipadatkan agar rapi & bentuk agak pipih jangan terlalu bulat. Olesi putih telur diujung lipatan agar merekat rapat.--Kukus sekitar 15 menit hingga matang. Angkat dinginkan. Siap digoreng dengan api kecil sebentar. Anakku suka digoreng agak lama dengan kuning telur kocok sisa adonan tadi. Nanti jadi ada kayak jala2 crispynya yang gurih & kering. Angkat & tiriskan jika sudah digoreng matang.--Sajikan dengan dipotong diagonal (potong 2 serong). Siap disantap dengan saus sambal botol yang biasanya saya rebus dengan bawang goreng, cabe rawit iris, gula & sedikit air. Selamat mencoba.--"
Bakso Ayam Udang ,"""['400 gr ayam giling', '250 gr udang kupas', '3 telur ayam utuh kocok', '30 ml minyak goreng', '1/2 sdt baking powder', 'secukupnya garam, lada', '2 sdm bawang goreng haluskan', 'secukupnya Bawang merah & putih', '1/2 sdt minyak wijen', 'Karageenan secukupnya (pengenyal)', 'Es batu 8 keping kotak']""","Campur semua bahan dalam food processor, kecuali daun bawang dan minyak goreng.--Tuang dalam baskom lalu taburi daun bawang dan minyak goreng, uleni rata (gunakan sarung tangan). Lalu simpan 2 jam dlm kulkas.--Panaskan minyak di wajan dgn api sedang. Bulatkan adonan dengan menggunakan dua sendok. Lalu goreng sampai matang. Adonan akan mengembang saat di wajan, tapi kembali kempes stelah diangkat.--"
Udang ala pop corn,"""['1/4 kg udang basah ukuran sedang', '1 bungkus kobe tepung ayam super crispy', 'secukupnya Air matang', 'Minyak untuk menggoreng']""","Buang kepala dan cangkang udang.--Cuci bersih udang.--Tepung bumbu dibagi jadi 2 adonan. Adonan basah dan adonan kering.--Masukkan udang ke dalam adonan tepung bumbu kering, gulirkan ke dlm tepung sambil ditekan2. Lalu masukkan ke dalam Tepung bumbu adonan basah gulirkan lagi sambil di tekan2, lalu masukkan lagi di adonan tepung bumbu kering Sambil ditekan2 agar tepung menempel sempurna.--Panaskan minyak goreng. Lalu goreng udang sampai kuning keemasan.--Angkat dan tiriskan.--Sajikan selagi hangat ðŸ˜Š--"
Bakwan Udang Sederhana,"""['1/2 kg Tepung terigu (sudah di ayak)', '1/2 Udang segar', '1 btr Telur', '4 siung bawang putih', '1 sdm garam', '1/2 sdm picin', '1/2 bks penyedap rasa', '1/2 sdm Merica bubuk', '1/2 Ltr Air putih es', 'Minyak Makan', 'Daun Bawang (cincang)', 'Wortel (potong potong kecil)']""","Haluskan bawang putih, garam, picin dan merica bubuk--Masukan bumbu yang dihalus kan ke dalam udang, masukkan tepung terigu dan air secukup nya (jangan terlalu kental)--Pecahkan telur kedalam adonan, masukan potongan wortel dan daun bawang aduk hingga merata--Panas kan minyak goreng, masuk kan adonan sedikit demi sedikit--Setelah matang tiris kan, nikmati dengan saus tomat. Yummy--"
Udang Goreng Tepung Mayonaise,"""['300 gr udang (buang kepalanya)', 'Jeruk nipis', 'Tepung bumbu Kobe', 'Sedikit garam', 'Bahan saos:', 'Mayonaise 2 sachet @30 ml (saya pakai mayumi)', '1-2 sdm saos sambal/tomat', '1 sdm susu kental manis']""","Cuci bersih udang, tambahkan jeruk nipis supaya tidak amis dan sedikit garam (agar rasa udang sedikit gurih). Sisihkan.--Tuang tepung bumbu secukupnya dalam wadah beri sedikit air hingga tekstur kental. Dalam wadah lain tuang tepung bumbu yang kering (saya campur dengan 2 sdm tepung beras agar gorengan lebih kriuk).--Masukkan udang kedalam adonan cair tepung kemudian pindahkan ke dalam tepung kering. Tepuk2 ringan supaya tepung menempel. Lalu goreng dalam wajan berisi minyak panas sampai kecoklatan.--Saos Mayonaise --> campur semua bahan saos aduk rata. Koreksi rasa.--Sajikan udang goreng tepung dengan saos mayonaise (bisa dicocol atau disiram diatas udang).--Selamat menikmati â˜º--"
Udang saus asam manis,"""['1 Kg Udang mutiara', '7 siung bawang merah', '4 siung bawang putih', '4 buah cabai merah', '3 ruas jahe', '3 ruas lengkuas', '5 sdm saus cabai', '10 sdm saus tomat', '2 sdm saus tiram', '5 sdm minyak sayur', '1 sdt lada bubuk', '1 1/2 sdt Garam (secukupnya)', '100 ml air']""","Iris bawang merah, bawang putih, jahe, lengkuas, dan cabai merah--Masukan minyak dan bahan yang telah diiris, tumis hingga harum--Masukkan saus tiram, saus cabai dan saus tomat.--Masukan udang. Tambahkan garam dan lada bubuk.--Masukan air matang, aduk rata. Tunggu hingga matang.--Sajikan.--"
Tekwan Kuah Udang,"""['Untuk Tekwan :', '1/4 ekor ikan tenggiri', '2 butir putih telur', '1 sdm kaldu bubuk', '2 sdt garam', '1 sdt gula (aku pakai brown sugar)', '1 sdt lada', '100 ml air dingin', '20 ml minyak sayur', '200 g tepung kanji', '1 liter Air untuk merebus', '2 sdm minyak sayur untuk rebusan', 'Untuk Kuah Tekwan :', '1/2 kg Udang', '10 butir bawang putih', '10 buah Jamur kuping', 'Bahan Tambahan :', 'Bihun / soun', 'Daun bawang', 'Sambal cair']""","Untuk membuat tekwan, rebus air dengan 2sdm minyak sayur tunggu hingga mendidih. Campur semua bahan ðŸŒ¸ aduk rata. Bulat- bulatkan adonan lalu celupkan ke dalam air mendidih, tunggu hingga mengapung. Sisihkan.--Untuk Kuah tekwan, kupas udang pisahkan kulit dan kepala nya. Rebus kulit udang sebentar saja hingga mendidih.--Blender kepala udang dalam keadaan mentah, sisihkan.--Rebusan kulit udang tadi, buang kulitnya. Lalu, masukan blenderan kepala udang, udang potong dan tumisan bawang putih. Masak hingga 10 menit.--Tata dalam mangkuk. Bihun matang, tekwan, jamur. Lalu guyur kuah tekwan.--"
Sambal udang goreng,"""['1/4 kg udang', '2 buah jeruk nipis', 'Minyak goreng', 'Garam', 'Gula pasir', 'Penyedap rasa', 'Daun jeruk', 'Bumbu dihaluskan:', '6 siung bawang merah', '4 siung bawang putih', '1 buah tomat', '8 cabe merah (sesuai selera)', '5 cabe rawit (sesuai selera)']""","Cuci udang bersih, lumuri dengan jeruk nipis--Panaskan minyak, goreng udang sebentar--Haluskan bumbu (saya lebih suka di uleg)--Panaskan minyak sedikit, tumis bumbu halus & daun jeruk. Tumis hingga harum.--Masukkan udang. Beri garam, penyedap rasa & 1 sdt gula pasir. Koreksi rasa nya. Tumis sampai bumbu meresap ke udang.--Angkat & sajikan.--"
Udang asam manis oregano,"""['1/2 kg udang vaname', '1 bh bawang bombai', '2 siung bawang putih', '1 sdm oregano kering', '4-6 sdm saos tomat', '1 sdm saos sambal', '1 sdm gula', 'sedikit garam', 'sedikit air', 'minyak untuk menumis']""","Bersihkan udang dan cuci dengan air garam, iris bawang bombai dan bawang putih--Siapkan wajan yang sudah diberi sedikit minyak lalu tumis bawang sampai harum dan masukkan oregano kering, beri sedikit air baru masukkan udang tunggu sampai udang berubah warna, baru masukkan saosnya beri garam dan gula,--Tambahkan air sedikit lagi tunggu sampai mateng dan cicipin hemmmm,,,--Nb. kalau menurut saya bund jangan pakai saos tomat mereknya delmonte karena kalau merek yg lain baunya g enak ada yg bau busuk ada juga yg bau kunyit,,,, hemmm, tp ini menurut saya ya,,,--"
Tumis buncis pakai udang,"""['1/4 kg Buncis (iris serong)', '4 bh bawang putih (geprek cincang)', 'Cabai merah keriting (sesuai selera)', '10 bh udang (kupas)', '1/2 sdt Kaldu jamur /royco', 'Sejumput gula pasir', 'secukupnya Garam', '1 sdt kecap ikan', 'secukupnya Lada', '150 ml air']""","Tumis bawang putih sampai harum, masukan udang, kecap ikan, tumis sampai kemerahan--Masukan buncisnya aduk, masukan kaldu jamur, lada, gula pasir, garam, aduk2, beri air...--Tumis sampai mendidih dan air menyusut... Cicipi rasa.... Jika buncis sudah empuk dan matang, siap disajikan. ðŸ‘--"
Udang saos padang,"""['800 gr udang', 'secukupnya Jahe memarkan', 'secukupnya Lengkuas memarkan', '3 sdm saos sambal', '3 sdm saos tiram', '1 buah tomat', 'secukupnya Air', 'secukupnya Minyak', 'Garam', 'Gula', 'Bumbu halus', '6 siung bawang putih', '8 siung bawang merah', '6 buah cabai merah besar', '10 buah cabai', 'secukupnya Merica']""","Haluskan bumbu, tumis di atas wajan dengan minyak secukupnya--Masukkan udang, tomat, dan air--Beri gula, garam, saos tiram dan sambal, aduk rata, kemudian tes rasanya--"
Udang Goreng Mentega,"""['200 gr udang', '1/2 buah bawang bombai', '2 buah bawang putih', '5 buah bawang merah', '4 sdm mentega', '1 sdt saus tiram', '1 sdt saus pedas', '1 sdt saus tomat', '1 jumput garam']""","Bersihkan udang--Iris bawang merah, bawang putih dan bawang bombai menjadi bagian yang kecil dan tipis.--Siapkan wajan / teflon, nyalakan api kecil, kemudian masukan mentega hingga leleh dan panas.--Tumis bawang merah dan bawang putih sebentar saja sekitar 1 menit. Lalu masukan bawang bombai. Tumis lagi hingga harum.--Masukkan udang, garam, saus tiram, saus pedas dan saus tomat. Aduk hingga rata--Jika sudah matang, angkat dan sajikan :)--"
Udang pete balado,"""['250 gr udang ukuran sedang, kupas, buang kepala dan kulitnya', '1 papan petai, buka, bersihkan dr kulitnya, potong mjd 2', '4 siung bawang merah', '3 siung bawang putih', '2 butir kemiri', '10 buah cabe merah keriting', 'Garam secukupnya', 'secukupnya Gula pasir', '1 ruas jari lengkuas, bersihkan, geprek', '1 lembar daun salam', 'Minyak goreng', '1 buah jeruk nipis, belah 2, peras ambil airnya']""","Tuang perasan air jeruk nipis ke dalam udang yg sudah dibersihkan. Beri sedikir garam, Aduk2.diamkan sekitar 10menit. Sisihkan.--Tuang minyak sayur, goreng udang dengan api sedang, aduk2 sebentar sampai udang berubah warna kemerahan dan matang, tiriskan. Angkat.--Haluskan bawang putih, bawang merah, kemiri, cabe rawit merah. Sisihkan--Tumis bumbu halus, daun salam dan lengkuas dengan api kecil agar matng dan tidak cepat gosong.--Jika sudah tercium bau harum lalu masukan potongan2 petai yg sudah bersih, aduk2 sebentar, koreksi rasa, tambahkan garam dan gula secukupnya. Aduk kembali hingga rata--Masukan udang yg telah digoreng, aduk rata, angkat. Sajikan.--"
Bakso udang debm,"""['500 gram udang', '1 sdm tepung keto', '1 butir putih telur', '1 sdm minyak wijen (opsional)', '3 biji bawang putih', 'Secukupnya garam', '3 cube es batu', 'Secukupnya air es']""",Campurkan smua bahan kecuali air es dalam food procesor.proses sampai bener2 halus--Panaskan air dalam panci.bulat2 kan adonan menggunakan sendok lalu rebus sampai matang.--Angkat dan rendam dalam air es untuk menghentikan proses pematangan.biar kenyel ga lembek--Selamat mencoba--
Udang Goreng Tepung,"""['250 gr udang kupas', '9 sdm tepung terigu', '3 sdm tepung kanji', '1/2 sdt merica bubuk', 'Bahan Perendam:', '1 butir telur', '1/2 sdt merica', '1 siung bawang putih', '1/2 sdm saos tiram', 'secukupnya Garam']""","Haluskan bawang, merica dan garam.--Kocok telur, campur dengan bumbu yang sudah dihaluskan ditambah saos tiram.--Masukkan udang ke kocokan telur.--Campur tepung terigu, kanji dan merica bubuk.--Ambil udang dan masukkan ke campuran tepung. Lalu celup lagi ke kocokan telur, ualngi masukkan ke tepung sambil ditekan telan dan dicubit-cubit.--Goreng udang di minyak yang sudah panas. Api sedang. Goreng hingga udang tercelup minyak semua. Biar irit minyak, saya memakai panci kecil. Jadinudang bisa tercelup minyak semua.--Sajikan..biasanya untuk mengoreksi rasa, saya goreng udangnya ato tepungnya sedikit dulu, bila kurang asin bisa ditambah garam di kocokan telur.--"
Udang Saus Telor Asin,"""['500 gr Udang, kupas & sisakan ekornya', '2 sdt Air jeruk nipis', '1/4 sdt Garam', '1/4 sdt Merica', '6 sdm Tepung Maizena', '3 btr Kuning telur asin, haluskan', '50 ml Air panas', '1/4 sdt Kaldu bubuk, bisa diskip bila dirasa asinnya pas', '3 bh Bawang putih, cincang halus', '1/4 sdt Gula', '1 btg Daun bawang iris halus', 'secukupnya Minyak goreng', '2 sdm Margarin']""","LumuriÂ udang dengan air jeruk nipis, garam dan merica bubuk. Diamkan sekitar 15 menit. Taburkan maizena dan balut sampai rata. GorengÂ udang dengan minyak yang banyak hingga matang dan tepung kering. Angkat. Sisihkan.--Larutkan kaldu bubuk dalam air panas. Sisihkan.--Panaskan margarin, tumis bawang putih hingga harum. Masukkan kuning telur asin, aduk rata.--Masukkan air kaldu dan gula pasir. Masak hingga mendidih. Masukkan daun bawang. Aduk rata sebentar. MasukkanÂ udang goreng. Aduk cepat sampaiÂ udang terbalut rata. Matikan api. Angkat. Sajikan panas--"
Ayam Woku Manado,"""['1 Ekor Ayam Kampung (potong 12)', '2 Buah Jeruk Nipis', '2 Sdm Garam', '3 Ruas Kunyit', '7 Bawang Merah', '7 Bawang Putih', '10 Cabe Merah', '10 Cabe Rawit Merah (sesuai selera)', '3 Butir Kemiri', '2 Batang Sereh', '2 Lembar Daun Salam', '2 Ikat Daun Kemangi', 'Penyedap Rasa', '1 1/2 Gelas Air']""","Cuci bersih ayam dan tiriskan. Lalu peras jeruk nipis (kalo gak ada jeruk nipis bisa pake cuka) dan beri garam. Aduk hingga merata dan diamkan selama 5 menit, biar ayam gak bau amis.--Goreng ayam tersebut setengah matang, lalu tiriskan--Haluskan bumbu menggunakan blender. Bawang merah, bawang putih, cabe merah, cabe rawit, kemiri dan kunyit. Oh iya kasih minyak sedikit yaa biar bisa di blender. Untuk sereh nya di geprek aja terus di buat simpul.--Setelah bumbu di haluskan barulah di tumis. Jangan lupa sereh dan daun salamnya juga ikut di tumis. Di tumis sampai berubah warna ya ðŸ‘Œ--Masukan ayam yang sudah di goreng setengah matang ke dalam bumbu yang sudah di tumis, dan diamkan 5 menit dulu. Biar bumbu meresap. Lalu tuangkan 1 1/2 Gelas air. Lalu tambahkan penyedap rasa (saya 3 Sdt, tapi sesuai selera ya) koreksi rasa dan Biar kan sampai mendidih--Setelah masakan mendidih, lalu masukan daun kemangi yang sudah di potong potong. Masak lagi sekitar 10 menit. And taraaaaaaaaaaaaaa..... jadi deh Ayam Woku Manadonya.--Oh iyaa kalo mau di tambahkan potongan tomat merah juga bisa ko. Sesuai selera aja yaa buibuuuu ðŸ‘ŒðŸ‘ŒðŸ‘Œ--"
Ayam goreng tulang lunak,"""['1 kg ayam (dipotong sesuai selera jangan kecil2 ya)', '2 batang serai (memarkan)', '4 lembar daun jeruk', '7 butir bawang putih (haluskan)', '1 sdm ketumbar (haluskan)', '3 ruas jari Laos (haluskan)', '3 ruas jari kunyit (haluskan)', '2 butir kemiri (haluskan)', 'secukupnya Garam', 'Secukupnya Air (tuk ukep ayam)', 'Secukupnya Minyak goreng']""","Haluskan bumbu2nya (BaPut, ketumbar, kemiri, kunyit, Laos, garam) hingga halus, sisihkan--Campur kan bumbu halus tadi dengan ayam yg sudah dicuci bersih dan sudah dipotong didalam panci presto. Uleni sampai tercampur rata.--Tambahkan air hingga ayam tenggelam semua. Masukkan serai dan daun jeruk nya kedalam rendaman ayam. Tutup panci presto rebus/ ukep presto sampai kurleb 45 menit. Dengan api sedang.--Setelah proses ukep presto selesai, tunggu suhu dingin ruang. Lalu goreng ayam dengan minyak goreng api sedang sampai ayam berwarna kecoklatan.--Matang dan sajikan ayam selagi hangat bersama nasi putih, sambal dgn perasan jeruk nipis, lalapan.--"
Ayam cabai kawin,"""['1/4 kg ayam', '3 buah cabai hijau besar', '7 buah cabai merah rawit', '3 siung bawang putih', '2 siung bawang merah', 'secukupnya Gula', 'secukupnya Garam', '1/4 buah tomat merah', 'secukupnya Air', 'secukupnya Minyak goreng']""","Panaskan minyak di dalam wajan. Setelah minyak panas masukkan ayam yang sudah dipotong dadu. Goreng hingga matang. Lalu tiriskan.--Haluskan bawang putih, bawang merah, cabai hijau dan merah, tomat.--Panaskan minyak didalam wajan. Setelah minyak panas, masukkan bumbu yang sudah halus. Tunggu sampai wangi. Masukkan ayam yang sudah di goreng. Tambahkan air, gula dan garam. Tunggu sampai bumbu meresap di ayam. Sajikan.--"
Ayam Geprek,"""['250 gr daging ayam (saya pakai fillet)', 'Secukupnya gula dan garam', '50-100 gr tepung ayam serbaguna', 'Secukupnya lalapan (kemangi,kol,timun)', 'Secukupnya minyak panas', 'sambal korek', 'Secukupnya cabe rawit merah dan bwg putih']""","Goreng ayam seperti ayam krispi--Ulek semua bahan sambal kemudian campur dengan minyak panas bekas goreng ayam--Geprek ayam kemudian campur dengan sambal,sajikan dengan lalapan â¤--"
Ayam saos teriyaki Lada Hitam,"""['Ayam bagian dada dan tulang', '1 buah bawang bombay', '2 siung bawang daun', '4 siung bawang putih', '1 buah cabe merah besar', '1 buah cabe ijo besar', 'Bahan bumbu :', 'secukupnya Air', 'Mentega untuk menumis', '1 bungkus saos teriyaki (2 sdm)', '1 sdm gula pasir', '1 bungkus royco ayam', 'Larutan meizena']""","Cara Buat :
1. Sediakan teplon or wajan beri sedikit minyak dan masukan bawang putih dan bawang bombay yang sudah di potong potong tumis sampai harum. Bisa juga sebelum dimasak ayamnya dibalurkan ke saos teriyaki dan diamkan selama 15 menit agar meresap--2. Masukan ayam oseng sampai agak mateng, baru masukan cabe ijo dan merah.
Beri sedikit air--3. Masukan bumbu royco ayan saos teriyaki, gula, dan bubuk lada hitam. Cicipin--4. Setelah mulai mateng masukan daun bawang jika ingin kental bisa masukan larutan meizena yak. Saya tadi gak pake karena tiba tiba amnesia kirain punya tepungnya ternyata udah habis ðŸ˜­..
Setelah masak siap disajikan dengan nasi angat.--"
Steak ayam,"""['300 gr dada ayam fillet', '1 sdm air jeruk nipis', 'secukupnya garam', 'adonan basah', '50 gr terigu', '10 gr maizena', '1/4 sdt merica', 'garam', 'secukupnya air', 'adonan kering', '150 gr terigu', '30 gr maizena', '1/2 sdt merica bubuk', '1/4 sdt kaldu jamur', 'secukupnya garam', 'secukupnya minyak goreng', 'bahan saus jamur', '50 gr jamur tiram blender', '3 bawang putih cincang halus', '20 gr keju parut', '1 sdm maizena cairkan dgn air', '2 sdm saus tiram', '1 sdm kecap manis', '1/2 sdt merica halus', 'secukupnya garam & kaldu jamur', 'air', 'bahan pelengkap', 'buncis dan wortel di kukus']""","Cuci bersih ayam, iris tipis melebar, rendam dgn garam dan air jeruk nipis 10 menit, cuci--Campur adonan kering, sisihkan--Campur adonan basah, sisihkan--Panaskan minyak goreng dgn api sedang, gulingkan ayam pada adonan kering, lalu celup ke adonan basah, gulingkan lg pada adonan kering, jgn di remas2, kibas2 daging ayam pada adonan kering, lalu goreng di minyak yg banyak dan panas, biarkan krispinya terbentuk dl, jgn di balik2 dl, setelah cukup kering br di balik, goreng smpe matang, tiriskan--Blender jamur tiram kasih air sedikit. tumis bawang putih yg di cincang halus, masukkan jamur yg di blender, masukkan bumbu2 yg lain sampai meresap, lalu tuang maizena yg sdh di cairkan dgn setengah gelas air, aduk2, masukkan keju parut, aduk sampai meletup2, tes rasa, klo sdh sesuai, angkat--Tata dlm piring, ayam goreng tepung dan sayur kukus, siram dgn saus jamur, taburi daun bawang atau parsley jk ada.--"
Ayam Saos Asam Manis Simple,"""['1/4 kg Ayam bagian dada fillet (Potong dadu)', 'Secukupnya air jeruk nipis utk baluran', '1 Bungkus tepung bumbu ayam instan uk besar + campur sedikit tepung terigu', '3 Siung b.putih (iris tipis)', '3 Siung b.merah (Iris tipis)', '1 Buah b.bombay (Iris tipis)', '1 Buah tomat uk besar (Haluskan)', '3 sdm saos sambal', '1 Sdm Saos tiram', 'Secukupnya Gula & garam', 'Secukupnya merica bubuk']""","Lumuri ayam yg sdh dipotong dadu dgn garam & perasan jeruk nipis (diamkan sebentar)--Baluri ayam dengan tepung basah, lanjutkan ke tepung kering, diamkan sebentar--Goreng ayam yg sdh dbaluri tepung sampai kering & matang, angkat tiriskan.--Membuat Saos Asam Manis : -Tumis b.merah & putih (sy suka klo bawang y agak kering)--Masukkan bawang bombay, tumis sebentar.--Masukkan tomat buah yg sdh dihaluskan tdi, tumis lagi pakai api sedang, tambahkan air secukupnya--Masukkan saos sambal, saos tiram, sedikit perasan jeruk nipis, gula, garam & merica (koreksi sampai rasanya terasa asam manis gurih segar)--Masukkan ayam yg sdh digoreng tdi kedalam saos asam manis, diamkan sebentar--Setelah ayam sdh cukup merasap dengan saos asam manisnya matikan api dan siap disajikan dengan nasi putih hangat--"
Ayam Bakar Pedas Manis Resep :Nila Sari,"""['1 Ekor Ayam Broiler Ukuran Jumbo', 'Bumbu :', '5 Siung Bawang Merah', '10 Buah Cabe (Optional)', '1 Ruas Jahe', '1 Ruas Kunyit', 'Secukupnya Lada Bubuk', 'Secukupnya Ketumbar', '2 Lembar Daun Jeruk', '3 Lembar Daun Salam', '1 Batang Serai', '4 Siung Bawah Putih', 'Secukupnya Kecap', 'Secukupnya Gula Merah', 'Secukupnya Minyak Goreng', 'Secukupnya Royco', 'Secukupnya Garam', '1 Bungkus Santan Kara']""","Iris tipis bawang merah dan daun jeruk.--Haluskan cabe, bawang putih, lada, ketumbar, jahe dan kunyit.--Tumis bawang merah hingga wangi.--Masukan bumbu yang telah dihaluskan ke dalam tumisan bawang tumis semua hingga harum.--Masukan serai, daun jeruk dan daun salam masak sedikit tuang santan kara dan tambahkan air.--Kemudian masukan ayam taburi royco, lada dan garam aduk aduk tutup dan tunggu ayam empuk dan air mulai susut tes rasa.--Bakar ayam bisa menggunakan arang, teflon, atau batu bakar (saya memakai grill lebih praktis).--Selamat Mencoba.--"
Semur Ayam Kentang Ala Mama Kirana,"""['1/2 Ekor ayam', 'Kentang', 'Bumbu Halus :', 'Bawang putih - bisa di sesuaikan sesuaikan', 'Bawang merah', 'Merica', 'Kemiri', 'Sedikit biji Pala', 'Cabai Merah kriting, bila suka pedas', 'Sedikit jahe', 'Rempah:', 'Daun salam', 'Lengkuas', 'Sereh', 'Kapulaga', 'Kulit manis', 'Irisan bawang bombay', 'Irisan tomat', 'Garam', 'Kecap manis', 'Sedikit penyedap rasa', 'Jeruk nipis untuk ayam']""",Cuci bersih ayam lalu baluri dengan perasan jeruk nipis--Cuci lagi ayam dan baluri dengan garam lalu rebus sebentar lalu di goreng--Kentang saya goreng bisa di sesuaikan sesuai selera masingÂ²--Tips goreng ayam agar hasil nya tdk keras : di goreng hanya sebentar--Tumis bawang bombay lalu masukan bumbu halus dan masukkan semua rempah + irisan tomat + kecap manis--Setelah bumbu harum masukkan air tunggu gingga mendidih--Tambahkan garam + penyedap rasa apabila kurang manis bisa ditambahkan kecap lagi--Setelah semua sudah sesuai dgn rasa masukkan kentang goreng + ayam goreng--Tunggu kuah hingga menyusut dan kiraaÂ² 5 mnt angkat. Dan terakhir saya taburin bawang goreng bisa disesuaikan jg dgn selera masingÂ². Selesai--
Ayam suwir,"""['300 gram Ayam suwir (sudah direbus/Goreng)', '5 siung bawang merah', '3 siung bawang putih', '1/2 buah tomat', '1/2 sdt merica', '1/2 sdt terasi', '2 buah cabe rawit', '2 buah cabe kriting', 'Secukupnya gula', 'Secukupnya garam', 'Secukupnya air', 'Secukupnya penyedap rasa (Royco)', '2 lembar daun salam', '1 jari Lengkuas geprek']""","Haluskan semua bumbu kecuali tomat, lengkuas, Dan daun salam--Siapkan wajan untuk menumis Bumbu, kemudian tuang sedikit minyak Goreng Dan tumis Bumbu yang sudah dihaluskan ditambah daun Salam Dan lengkuas--Setelah tercium bau Bumbu yang ditumis kemudian masukkan tomat yang sudah dipotong potong--Kemudian setelab tomat layu masukkan air secukupnya Dan rasakan kuahnya kalau belum pas bisa ditambahkan penyedap rasa (Royco)--Masukkan ayam yang sudah disuwir Dan aduk--Tunggu sampai meresap Dan air berkurang--Dan sajikan--"
Ayam goreng tepung,"""['150 gr fillet ayam', '5 sdm tepung bumbu serbaguna', '1 butir telur ayam (kocok lepas)', 'Garam sck', 'Minya goreng secukupnya untuk menggoreng']""","Cuci ayam, tiriskan beri perasan jeruk lemon (skip boleh) Potong ayam bentuk dadu.--Koco telur beri secukupnya garam. Masukkan ayam yg telah dipotong dadu.--Balurkan ke dalam tepung serbaguna.--Goreng pada minyak yg panas.--Siap disantapðŸ˜˜ðŸ˜˜ðŸ˜˜ðŸ˜˜--"
Tulang Ayam Pedas Manis,"""['1/2 kg tulang ayam bersihkan lalu potong', '5 bh cabe merah keriting', '5 bh cabe rawit (tambah jika suka pedas)', '4 butir bawang merah', '2 butir bawang putih', '1 ruas kunyit', '2 lbr daun salam', '1 lbr daun jeruk', '1 btg sereh geprek', '1 ruas jahe geprek', '1 btr jeruk nipis', 'secukupnya kaldu bubuk', 'secukupnya gula pasir', 'secukupnya kecap manis', '500 ml air untuk merebus tulang', 'minyak untuk menumis']""","Setelah tulang ayam di bersihkan dan di potong potong lumuri tulang dengan perasan jeruk nipis lalu biarkan--Siapkan bumbu yg akan di haluskan bwg merah, bwg putih, cabe, dan kunyit blender hingga halus--Siapkan air untuk merebus tulang tambahkan jahe yg sudah di geprek dan daun jeruk ungkep tulang hingga air menyusut--Tumis bumbu yg sudah di halus kan tambahkan air secukupnya dan daun salam juga sereh geprek, masukan tulang ayam, beri kaldu bubuk, gula pasir dan kecap manis secukupnya jgn lupa test rasanya dan biarkan tulang ayam hingga meresap--Setelah tulang ayam kuahnya agak sedikit meresap angkat lalu sajikan--Bisa untuk teman makan mie ayam lohh moms ðŸ˜ƒ--"
Ayam penyet rumahan,"""['1 ekr ayam negri cuci bersih ptng beri air jeruk nipis cuci lagi', '1 buah jeruk nipis', 'Bumbu ayam goreng jd,yg bsah. bisa beli di pasar,aku beli 3rb', '2 lmbr daun salam', '2 lmbr daun jeruk', '1 btng sere geprek', 'Garam secukupnya dan penyedap', 'secukupnya Minyak goreng', 'Sambel penyet:', '20 buah cabe rawit merah', '5 buah cabe merah', '2 siung bawang p kating', '5 buah bawang merah goreng sebentr', 'Penyedap dan sedikit gula']""","Ungkep ayam bersama bumbu jadi, daun salam, daun jeruk, sere,dan garam,tambah sedikit penyedap apinya kecil ajah ya. Lalu tutup--Apabila sudah empuk dan matang goreng dalam minyak panas dan banyak sampe warna kuning kecoklatan, angkat--Sementara lagi goreng ayam, kita siapkan sambel dulu, uleg semua cabe, dan bawang merah garam,sedikit gula dan penyedap, setelah agak halus kumpulin sambalnya di tengah cobek lalu siram dengan minyak panas bekas goreng ayam tadi lalu uleg lagi supaya rata--Masukan ayam goreng ke dalam cobek lalu penyet pake ulegan, siap di hidangkan--Selamat mencoba--"
Sop ayam,"""['1 kg ayam potong kecil kecil', '1/2 kg ceker ayam bersihkan', '1/2 kg kentang iris', '1/2 kg wortel iris', '1 mangkok makaroni (rebus)', '2 batang daun bawang (sesuai selera)', '4 batang daun seledri (sesuai selera)', 'Bumbu dihaluskan :', '8 siung bawang merah', '5 siung bawang putih', 'Tambahan :', '1 sendok teh lada halus', 'secukupnya Garam', 'Penyedap rasa (bila Sun's saya pake gula aja)']""","Tumis bawang merah dan bawang putih hingga harum--Masukkan potongan ayam dan ceker ke tumisan bumbu aduk rata--Pindahkan ke panci besar tanbahkan air secukupkan--Didihkan sampai ayam dan ceker cukup matang--Masukkan kentang dan wortel yang diiris tadi, tunggu sampai lembut--Masukkan macaroni yg sudah direbus--Taburkan lada bubuk dan garam, tes rasa--Terakhir masukkan daun bawang dan daun seledri--Siap dihidangkan, taburkan bawang goreng biar tambah maknyuss--"
Nugget Ayam Home Made,"""['1/4 kg ayam d fillet ambil dagingnya aja', '1 buah wortel', '1 buah daun bawang prei', '4 siung bawang putih', '8 siung bawang merah', '1 sdt merica', '1/2 kg tepung tapioka', '2 telur ayam', 'Garam, penyedap rasa', 'Tepung roti/ tepung panir']""","Cuci bersih ayam. Setelah itu potong kecil2. Masukkan dlm blender. Tambahkan 1 telur ayam, bwg pth, bwg merah, merica. Air sdkt. Lalu blender.--Setelah itu parut wortel, ptong kecil2 daun bawang prei--Taruh adonan ayam dalam wadah--Masukkan wortel, daun prei, tepung tapioka 10 sdm. Kalau pengen lebih padet bisa tambahkan lagi. Sesuai selera--Aduk2 ya sampai tercampur rata. Tambah i garam, penyedap.--Siapkan wadah. Tuang adonan ke dalam wadah yg sebelumnya d olesi mentega--Kukus d panci pengukusan. Kukus 30 - 40 mnt.--Setelah matang, keluarkan dr panci. Biarkan dingin. Lalu keluarkan.--Siapkan 1 telur (dikocok), tepung panir. Potong2 adonan jd kecil2, celupkan ke telur, lalu baluri dg tepung panir.--Setelah itu goreng.Nugget siap d hidangkan. Nugget juga bisa d simpan d dalam freezer ya moms ðŸ˜Š. Jadi sewaktu2 bisa langsung goreng.--"
Ayam Koloke,"""['250 gr ayam fillet, potong-potong', '2 sdm tepung bumbu serbaguna (larutkan dgn 75 ml air)', 'Pelapis:', '4 sdm tepung terigu', '1 sdm maizena', 'Bahan Saus', '1 sdm butter / margarin', '2 siung bawang putih, cincang halus', '1 siung bawang bombai uk. Kecil (iris halus)', '1/2 bh wortel (potong korek api)', '1/2 bh timun (buang biji dan iris korek api)', '1 btg daun bawang (potong2)', '2 bh cabe merah (iris serong)', '3 bh cabe rawit (iris serong)', '3 sdm saus tomat', '1 sdm saus tiram', '1 sdt minyak wijen', '1 sdt air lemon / jeruk nipis / cuka masak', '250 ml air', 'Garam, lada, gula', '1 sdt maizena (larutlan dgn 1 sdm air)']""","Marinade ayam dgn tepung bumbu serbaguna yg sudah dilarutkan, aduk & disisihkan.--Siapkan bahan pelapis. Ambil potongan ayam & balur ke dalam bahan pelapis. Goreng dalam minyak panas sampai matang. Lakukan sampai habis.--Bahan saus: lelehkan butter, tumis duo bawang sampai harum. Masukkan wortel dan timun, tambahkan air, lalu masak sampai air mendidih. Masukkan duo cabe, saus tomat, saus tiram, minyak wijen, garam, gula, lada, air lemon, aduk rata. Masukkan larutan maizena, aduk sampai mengental. Terakhir masukkan daun bawang, matikan api supaya sayuran tidak over cook.--"
Ayam Suir Bali (bemesere bali),"""['1/2 kg dada ayam (rebus dahulu)', '50 ml minyak goreng', 'Bumbu :', '1/4 kg cabai merah', '1/2 buah tomat', '5 buah Cabe rawit', 'secukupnya Garam', 'secukupnya Gula jawa', '1 sdt terasi bakar', '1/2 perasan jeruk limo', '3 buah daun jeruk purut']""","Rebus ayam terlebih dahulu. Lalu, di suwir-suwir. (saya rebus karna kalau goreng, ayamny akan terasa keras dan kering)--Ulek halus bumbu, lalu icip2 rasa agar pas--Siapkan wajan, masukkan minyak goreng. Tunggu sampai panas, tuangkan bumbu--Stelah stengah matang, lalu masukan ayam yang sudah disuir.--Tunggu sampai agak meresap bumbuny. Masukkan perasan limo dan daun jeruk--Makanan siap dihidangkan. Simple dan enak--"
Pindang ayam jadul,"""['1/2 kg ayam', '5 btr bawang merah iris halus', '10 buah cabe rawit iris halus', '2 cm jahe iris halus', '1 cm lengkuas iris halus', '1/2 sdt kunyit halus', '1 sdt asam jawa', '1 sdt terasi bangka panggang', '1 bh tomat potong 4', 'Secukupnya daun kemangi (me:gak ada)']""","Tumis semua bumbu kecuali tomat dengan 2 sdm minyak,oseng sampai harum,tambahkan 1 liter air didihkan,kalau sudah mendidih masukkan ayam,tutup, masak sampai ayam matang, setelah ayam matang koreksi rasa,beri taburan tomat dan daun kemangi, sajikan hangat, segerrr abis--Selamat mencoba
Semoga bermanfaat untuk semua--"
Ayam Kacang Panjang Saos Hoisin,"""['Bahan Daging', '1 lembar paha atas/dada ayam', '1 sdm kecap asin, arak beras, tapioka', 'Bahan saos', '1 ikat Kacang panjang', '2 siung baput cincang halus', '3 cm jahe cincang halus', '1 sdm saos hoisin', '1 sdt kecap asin', '0.5 sdt micin', '100 ml air', 'Larutan tapioka']""","Marinade daging dengan bahannya 30mnt.--Sebelum di tumis beri 1sdm minyak di daging ayam, aduk rata, lalu tumis agar tidak lengket di wajan. Matang, lalu angkat.--Tumis jahe 10detik, masukkan baput lalu tumis sampai wangi.--Masukkan kacang panjang, tumis sebentar lalu masukkan air, saos hoisin, kecap asin, micin. Tutup wajan, kecil kan api.--Tunggu 1-2menit, buka tinder tutup wajan, aduk sebentar lalu tutup lg 1-2menit.--Masukkan daging, aduk rata.--Masukan larutan tapioka agar saos mengental. Aduk rata lalu sajikan--"
Tongseng ayam,"""['500 g daging ayam (potong2)', '1250 CC santan dr 1 butir kelapa (pisahkan bagian yg kental)', '3 lembar daun jeruk', '3 lembar daun salam', '1 ruas lengkuas (geprek)', '1 batang serai (geprek)', '20 buah cabe rawit hijau', '1 batang daun bawang (potong serong)', '1 buah tomat (potong2)', '3 sdm kecap manis', '1 buah kentang ukuran sedang (potong2)', 'Secukupnya kol (iris2 tebal)', 'Secukupnya garam,kaldu bubuk, gula pasir (sesuai selera masing2)', 'Bawang goreng untuk taburan', 'Secukupnya minyak untuk menumis', 'Bumbu halus ;', '8 siung bawang merah', '4 siung bawang putih', '1 ruas jahe', '1/2 ruas kunyit', '1 sdt ketumbar', '1/2 sdt merica', '3 butir kemiri sangrai', '3 buah cabai merah besar']""","Siapkan semua bahannya.. panaskan minyak, masukkan bumbu halus.. masak hingga keluar aroma wangi,masukkan daun salam, daun jeruk, serai dan lengkuas.. kemudian masukkan potongan daging ayamnya.--Tuangkan santan encer, tunggu hingga daging ayam setengah matang.--Masukkan kentang, garam, gula, kaldu bubuk, dan kecap.--Masak hingga matang... Masukkan potongan kol dan juga cabai hijau.. lalu d susul dgn memasukkan santan kental, aduk2.. jgn sampai pecah santannya, tes rasa..--Setelah mendidih matikan api, masukkan potongan daun bawang dan tomat, lalu beri taburan bawang goreng.--"
Ayam penyet sambel kemangi,"""['400 gr dada ayam', '1 ikat daun kemangi', '1 buah timun uk sedang', '1 bungkus bumbu racik tempe', 'bahan sambel', '10 buah cabe merah', '10 buah cabe rawit', '3 siung bamer', '2 siung baput', 'gula', 'garam', '1/2 buah tomat merah', 'secukupnya terasi', 'secukupnya minyak utk menggoreng', 'air utk mengungkep ayam']""","Potong ayam sesuai selera,cuxi bersih lalu ungkep dengan sesikit air dan campur dengan bumbu racik tempe,matang angkat--Panas kan minyak lalu goreng ayam hingga matang kecoklatan--Goreng sebentar semua bahan sambel nya,,uleg jadi satu tambahkan garam gula...tes rasa...kalo sudah oke..masukkan beberapa lmbar daun kemangi..giling agak kasar aja--Geprek ayam di atas ulek an,,susun di piring lalu letakkan sambel di atas ayam..susun irisan timun,dan juga kemangi. siap di santap dwngan nasi panas--"
Nugget Ayam Wortel,"""['250 gram daging ayam giling', '1 buah wortel ukuran sedang', '1/2 buah bawang bombay', '2-3 siung bawang putih', '3 batang daun bawang', '2 butir telur ayam', '100 gram tepung terigu (kurang lebih)', 'secukupnya Tepung roti', 'secukupnya Garam', 'secukupnya Lada', 'secukupnya Penyedap rasa ayam', 'Minyak goreng']""","Potong-potong bawang bombay dan bawang putih. Tumis dengan sedikit minyak hingga harum. Angkat--Campurkan tumisan bawang dengan daging ayam giling dengan menggunakan blender atau food processor. Campur hingga bawang halus & tercampur rata. Tuang pada wadah yg telah disediakan untuk dicampur dengan bahan lain--Potong wortel jadi bagian yg kecil. Masukkan pada campuran daging giling sebelumnya--Potong daun bawang jadi bagian yg kecil. Masukkan pada adonan. Campur hingga rata--Masukkan 1 butir telur ayam. Campurkan--Masukkan tepung terigu perlahan-lahan dan campur hingga rata. Masukkan garam,lada dan penyedap rasa secukupnya.--Panaskan kukusan--Letakkan adonan pada cetakan yg telah disediakan. Masukkan pada kukusan yg telah dipanaskan sebelumnya. Tutup kukusan diberi kain agar air tidak menetes diadonan. Kukus kurang lebih 25-30 menit--Angkat adonan yg sudah matang dari kukusan. Biarkan agar sedikit dingin.--Setelah dingin potong-potong sesuai ukuran yg diinginkan.--Kocok lepas 1 butir telur ayam. Celupkan adonan nugget yg telah dipotong tadi kedalam telur. Kemudian gulingkan di tepung roti.--Ulangi langkah 11 hingga adonan nugget habis--Dinginkan pada freezer kurang lebih 1 jam agar tepung roti menempel dengan sempurna--Goreng nugget dengan minyak panas. Nugget ayam wortel siap disajikan.--Nugget yg masuk ke dalam freezer dapat bertahan maksimal 3-4 minggu--"
Ayam goreng pedas gila ala Kfc,"""['1/2 kg ayam', '3 bungkus tepung bumbu uk 80 g yg pedas (aku pke sajiku)', 'Secukupnya air es', 'Minyak goreng']""","Potong"" ayam, lalu cuci sampai bersih.--Siapkan 2 mgkok. 1 untuk adonan tepung yang basah yg 1 nya lagi untuk tepung kering.--Tuangkan kira"" 2 sdm tepung bumbu lalu tambahkan secukupnya air es kocok pakai garpu sampai adonannya encer.--Celupkakan ayam ke dalam adonan basah lalu gulingkan ke dalam tepung kering sambil di remas"" hingga terbentuk kulit tepung yang keriting. Ulangi sampai selesai--Panaskan minyak, lalu goreng sampai kecoklatan. Angkat, tiriskan.--Ayam goreng siap untuk dinikmati.--NB: kalau gk suka terlalu pedas tepung bumbunya bisa di mix sama yang original ya jd yg pedas bisa pke 1 bungkus aj yg 2 bungkus yg original.--"
Chicken Teriyaki,"""['500 gr Daging ayam iris memanjang', '1 bh Bawang bombay, iris memanjang', '1/2 sdt Gula', '1/4 sdt Garan', '150 ml Air', 'Minyak untuk menumis', 'Bumbu perendam :', '3 sdm Saus teriyaki', '2 sdm Saus tiram', '1 sdm Kecap manis', '1 sdt Minyak wijen', '3 siung bawang putih, haluskan', '2 cm Jahe, haluskan', '1/4 sdt Merica', '1/2 sdt Kaldu bubuk']""","Campur dagingÂ  ayam dengan bumbu perendam,gula dan garam,diamkan dikulkas 1-2jam agar bumbu meresap.--Panaskan minyak tumis daging sampai matang tuangi air,masukan bawang bombay,masak sampai air agak menyusut,kentalkan dengan larutan maizena.--"
Ayam Kecap Pedas Jeruk Limao,"""['1/2 kg ayam potong2', '2 lbr daun salam', '1 ruas jahe geprek', '4 lbr daun jeruk, buang tulangnya', '3 buah jeruk limao', 'Secukupnya air perasn jeruk nipis', 'Secukupnya garam, merica, gula pasir, kaldu bubuk', 'Secukupnya kecap manis', '250 ml air', '1 siung bawang Bombay, iris2', 'Bumbu Halus', '3 siung bawang putih', '5 siung bawang merah', '10 buah cabe keriting merah', '5 buah cabe rawit merah']""","Cuci ayam, lalu lumuri dgn perasan air jeruk nipis & garam, diamkan sebentar -+ 10 mnt, lalu bilas sampai bersih--Goreng ayam sebentar, tidak usah sampai garing, sisihkan--Panaskan minyak, tumis bumbu halus, daun salam, daun jeruk, jahe, sampai harum--Masukkan bawang Bombay, masak sebentar--Tambahkan air, beri garam, merica, gula pasir, kecap, & masukkan ayam, aduk rata, koreksi rasa--Biarkan air surut & bumbu meresap, setelah matang, matikan api, beri perasan jeruk limao, aduk rata, sajikan--Enakk ðŸ‘Œ pedes seger ðŸ˜--"
Resep Ayam Kecap Rumahan,"""['1/2 Kg ayam', 'Bumbu yg di haluskan :', '3 Bawang Putih', '7 Bawang Merah', 'sesuai selera Cabe rawit dan cabe merah besar', '2 cm Jahe', 'secukupnya Lada dan Pala', 'Lengkuas se jempol kaki', '4 biji Kemiri']""","Rebus air sampai mendidih lalu masukan ayam dan ungkep sampai empuk--Haluskan semua bumbu--Panaskan minyak lalu tumis bumbu halus sampai wangi--Masukan daun salam 3 lembar dan sereh 2 di geprek--Setelah bumbu sudah matang masukkan 1 gelas air--Tambahkan garam,micin,royko,asem--Setelah di rasa sudah cukup masukan ayam--Kecilkan api biar bumbunya meresap.--Masak sampai bumbu menyusut (jadi agak kental gitu)--Lalu hidangkan--"
Sop Ayam Garang Asam,"""['1/2 ayam', '3 serai', '3 cm jahe', '20 cabe rawit merah', '8 bawang putih', '4 bawang merah', '2 tomat hijau', '2 jeruk nipis (boleh lebih)', '4 daun jeruk', 'secukupnya daun bawang', 'secukupnya garam', 'secukupnya penyedap', 'secukupnya air matang']""","Potong dan bersihkan ayam sesuai selera (kalo aku ku beri perasan jeruk nipis lalu diamkan dulu)--Bawang2an diiris kasar, serai dan jahe di geprek, cabe aku hanya iris 6pc sisanya aku biarkan utuh, tomat kupotong memanjang begitu juga daun bawang.--Panaskan minyak sedikit saja, masukkan bawang serai daun jeruk dan juga cabe diamkan hingga harum lalu masukkan air dan tunggu hingga mendidih. aetelah mendidih masukkan ayam--Tunggu ayam hingga setengah empuk bumbui dengan penyedap garam dan juga gula, masukkan perasan jeruk nipis dan tomat aduk hingga merata--Setelah koreksi rasa dan dirasa sudah pas dan ayam matang masukkan daun bawang. setelah itu selesai--"
Ayam panggang saos kecap,"""['Bumbu ayam panggang ;', '1 kg ayam potong sesuai selera', '3 siung bawang merah,ulek halus', '3 siung bawang putih,ulek halus', 'Sedikit kunyit,dan garam,ulek halus', 'Untuk olesan ayam ;', 'Kecap manis,saus tomat,sedikit minyak,dicampur', 'Saos kecap/cocolan ;', 'sesuai selera Kecap manis', '5 siung bawang merah,iris melintang agak tebal', '3 siung bawang putih,ulek halus', '5 buah cabe rawit,ulek halus', '2 buah tomat potong sesuai selera', 'Jeruk nipis (skip)', 'Arang untuk memanggang ayam']""","Cuci bersih ayam dan tiriskan,campur dibumbu yang sudah dihaluskan,aduk rata,diamkan selama 15 menit,lalu kukus selama 20 menit/ sampai mateng--Sementara menunggu ayam dikukus,siapkan pemanggangan arangnya dulu untuk memanggang ayam--Keluarkan ayam yang sudah dikukus dan siap dipanggang diatas pemanggangan arang--Panggang ayam sambil diolesi dengan olesan, campuran kecap manis,saos tomat dan minyak,bolak balik ayam agar tidak gosong sambil diolesi sampai matang,angkat dan taroh dipiring saji--Campurkan semua bahan saos kecap/ cocolan nya diwadah(mangkok),tambahkan kecap manis secukupnya,aduk agar tercampur rata,dan beri perasan jeruk nipis--Ayam panggang dan saos kecap sudah siap dihidangkan bersama nasi hangat dan irisan timun sebagai pelengkap--"
Soto ayam kuah santan,"""['1/5 kg ayam (diungkep dulu,lalu digoreng)', '2 bungkus santan kara', '2 cm kunyit', '1 cm jahe', 'secukupnya Lada', 'secukupnya Daun salam,lengkuas,daun jeruk dan sereh', '5 siung bawang merah', '5 siung bawang putih', 'Penyedap : gula,garam royko ayam', 'Bahan pelengkap:', 'iris Tomat', 'Daun bawang dan seledri', 'Bihun (rebus dulu)', 'Bawang goreng', 'Kol di potong tipis', 'Tahu goreng', 'Kerupuk', 'Bawang goreng', 'Jeruk nipis', 'Sambal (cabe rawit,bawang putih/merah di rebus dulu, diulek)']""","Panaskan air rebus ayam hingga matang lalu tiriskan (air rebusan ayam bisa untuk kuah soto),lalu goreng ayam hingga matang--Haluskan bumbu bawang merah,putih,kunyit,jahe,lada,lengkuas sereh cukup digeprek dan tumis hingga matang--Masukan tumisan bumbu kedalam rebusan air,masukan daun salam,sereh dan daun jeruk--Berikan bumbu garam,gula penyedap rasa, daun bawang dan santan kara masak hingga matang--Sajikan soto selagi hangat bersama bihun dan pelengkap lainya--"
Ayam Goreng Bumbu Kuning,"""['5 potong ayam', 'Secukupnya air', 'Secukupnya minyak goreng', 'Bumbu Halus', '1 siung bawang putih', '1 ruas jari kunyit', '1/2 ruas jari jahe', '1/2 sdt ketumbar', 'Secukupnya garam']""","Cuci bersih ayam,masukkan dalam panci,tambahkan bumbu halus dan air. Masak hingga empuk,matang dan bumbu meresap,tiriskan.--Goreng dalam minyak panas dan api sedang hingga kuning keemasan,angkat,tiriskan--SajikanðŸ‘Œ--"
Mie Geprek (Mie + ayam geprek),"""['1 bungkus mie burung dara', '1 ons dada ayam', 'tepung terigu', 'kubis', 'bawang putih', 'kecap', 'royco sapi', 'secukupnya garam', 'ebi', 'minyak wijen', 'saus tiram', 'lada bubuk', 'minyak goreng', 'air', 'cabe rawit', 'bawang merah']""","Rebus mie burung dara, tiriskan--Geprek bawang putih 2 siung, tumis sampai harum--Masukkan minyak wijen 1 sendok teh. Tumis tumis sebentar bersama bawang--Masukkan air 1 gelas belimbing--Tambahkan kecap, ebi, garam, saus tiram, royco sapi, lada bubuk sesuai selera. Didihkan--Masukkan mie yang telah direbus. Masak sampai air menyusut--Tambahkan irisan kubis/kol. Aduk-aduk sebentar sampai air habis. Angkat--Cuci bersih ayam, potong jadi 2 bagian atau iris sesuai selera--Siapkan tepung kering. Caranya tambahkan garam dan royco sapi pada tepung. Takarannya sesuaikan dengan jumlah tepung--Siapkan celupan tepung basah. Caranya campurkan tepung dengan air sampai teksturnya cair tapi cukup kental--Masukkan ayam pada tepung kering. Lalu celupkan pada tepung basah. Masukkan ke tepung kering lagi. Remas-remas sampai tepung yang menempel ditangan terlepas dan menempel pada ayam--Goreng ayam pada minyak panas dengan api besar, agar teksturnya crispy. Masak sampai kecoklatan lalu angkat.--Sekarang membuat sambel bawang. Caranya bawang putih setengah siung + bawang merah 2 siung + cabe rawit sesuai selera diulek bersama garam dan gula. Tambahkan 1 sendok minyak lalu campur rata--Geprek ayam crispy tadi kedalam sambel bawang--Sajikan mie goreng dengan topping ayam geprek dan lalapan mentimun--Selamat mencoba--"
Seblak Mie Tulang Ayam,"""['1 bungkus mie burung dara', '1/4 tulang ayam sisa filet (jadi masih ada daging2ny)', 'Sawi hijau', 'Sawi putih', 'Garam', 'Gula', 'Bahan halus :', '5 siung bawang merah', '3 siung bawang putih', '3 buah cabe keritinh', '15 buah cabe rawit (sesuai selera)', '1 ruas jari kencur']""","Haluskan seluruh bumbu halus (saya pake blender)--Tumis bumbu halus sampai wangi, masukan tulang ayam, tambahkan air, tunggu smpai ayam matang--Setelah ayam matang masukan mie, gula, dan garam kemudian koreksi rasa..--Setelah rasa pas masukan sayur2n sampai agak layu, jangan terlalu lama..--Seblak mie siap dinikmatiðŸ˜‹--"
Sop Balungan Ayam,"""['Tulang dari 1 ekor ayam jowo, rebus dg api kecil', 'Bumbu ulek :', '4 siung bawang putih', '1/4 sdt merica bubuk', '1/2 sdt pala bubuk', '2 cengkeh', '1 sdm garam(sesuaikan dg penggunaan air)', '1/2 sdt kaldu jamur', '1 sdt gula', 'Bahan sayur :', '2 buah wortel, iris tipis', '1 kentang ukuran kecil, potong dadu', '1 bonggol sawi sendok', 'Secukupnya seledri dan daun bawang', 'Pelengkap : bawang merah goreng']""","Cuci bersih tulang ayam, rebus dg api kecil hingga keluar kaldu bening, buang kotoran yang mengapung, setelah itu masukkan bumbu ulek. Biarkan mendidih.--Kemudian masukkan wortel, tunggu 3 menit masukkan kentang, tunggu 5 menit lalu cek rasa dan kematangan sayur, setelah pas baru masukkan sawi sendok, seledri, dan daun bawang. Aduk sebentar lalu matikan kompor.--Sajikan dengan taburan bawang merah goreng dan sambal kecap.--"
Ayam goreng lepas tulang lembut,"""['1 kg ayam', '4 bawang putih', '3 ruas laos', '1 ruas jahe', 'Daun salam', 'serai 2 ruas', 'daun jeruk']""","Masukkan ayam dalam magic com. 
Bawang putih, jahe, laos, jahe blender sampai lembut.
Masukkan bumbu yang sudah dihaluskan tadi dalam magic com
Tuang air bioglass dalam magic com sampai ayam terendam air bioglass.
Cetrek cook. Tunggu kira kira 45 menit. 
Ambil ayam dari magic com
Taburi garam secukupnya
Goreng
Jadii deh ayam empuk lezatnya. Biar ayamnya dingin juga masih empukðŸ˜ŠðŸ˜Š
Cara bikin sambel nya
Cabe, bawang merah trasi, goreng di sisa minyak ayam goreng tadi. Minyak nya dikit aja.--"
Sayap Goreng Bumbu Ngo Hiang,"""['1 kg sayap ayam bagian drum stick', '2 sdm air jeruk nipis / lemon', '1 sdt garam', '1 sdm bumbu ngo hiang', '3 tetes suclarose/stevia drop (boleh skip)']""","Cuci sayap ayam, lalu dalam satu wadah masukkan sayap ayam beserta seluruh bumbu diatas, remas2--Simpan dalam kulkas semalaman hingga bumbu meresap--Goreng sayap ayam dengan minyak panas dan banyak hingga matang, sajikan--"
Semur ayam kampung,"""['1/2 kg ayam kampung', '3 siung bawang putih', '5 siung bawang merah', '3 butir kemiri', '1 ruas jahe', '4 lembar daun jeruk', '1 lembar daun salam', '1 batang serai (digeprek)', 'Lengkuas', '1/4 sdt kunyit bubuk', '1/2 sdt ketumbar bubuk', '1/4 sdt merica bubuk', '3/4 sdt garam', '1/2 sdt gula pasir', 'Sedikit royco', 'Secukupnya kecap manis', 'Secukupnya air kaldu ayam kampung', 'Secukupnya minyak goreng']""","Potong ayam cuci lalu rebus sampai empuk. Haluskan bawang, kemiri, jahe.--Tumis bumbu halus sampai harum masukan serai, daun jeruk, daun salam, lengkuas. Masukan air kaldu, ayam, merica, garam, kunyit, ketumbar, kecap, royco. Masak hingga bumbu meresap dan empuk banget, cek rasa ya bun..--Semur ayam kampung udah matang...--Ini aku masaknya sampai empuk banget... gak alot ya.. gigitnya gak pakai gigi, pakai bibir aja udah bisa, hhheee... krn sebelum dibumbuin direbus dulu sampai empuk, setelah itu baru dibumbuin.--Selamat mencoba..--"
Soto Ayam Surabaya,"""['1/2 Ekor Ayam', '6 Siung Bawang Merah', '4 Siung Bawang Putih', 'Secukupnya Ketumbar', 'Secukupnya Lada', '1 Ruas Kunyit', '1 Ruas Lengkuas', '1 Ruas Jahe', '1 Butir Kemiri', 'Daun Salam', 'Daun Jeruk', 'Gula', 'Garam', 'Penyedap Rasa (boleh pakai boleh tidak)', 'Daun Bawang', 'Kol', 'Tauge', 'Kentang', 'Telur Rebus', 'Sambal Rebus']""","Haluskan semua bumbu kecuali lengkuas & Sereh--Tumis bumbu yg dihaluskan tadi hingga harum--Rebus ayam hingga terlihat kaldunya kemudian masukkan bumbu yg telah ditumis tadi--Icip & sajikan dengan kentang goreng, bihun, tauge & irisan tomat--"
Risoles rogut ayam,"""[Bahan Isian Risoles:]""
""['3 buah kentang, kukus dan tumbuk halus', '1 buah wortel, diserut kasar', '100 gr dada ayam rebus, suwir halus', '2 sdm tepung terigu', 'secukupnya Lada bubuk', 'Secukupnya garam', '100 ml susu cair', '2 siung bawang putih, haluskan', '50 gram keju cheddar parut', '2 sdm minyak goreng']""
""[Bahan Kulit Risoles:]""
""['250 gram tepung terigu', '3 sdm margarine, dicairkan', '2 butir telur', 'Secukupnya garam', 'secukupnya Air', '100 gram tepung panir untuk membalur']""","Aduk rata kentang kukus yang sudah dihaluskan, tepung terigu, susu cair sampai tidak menggumpal. Sisihkan--Tumis bawang putih yang sudah di haluskan sampai wangi, masukkan adonan kentang kukus yg sudah di campur susu dan terigu tadi.--Tambahkan keju parut, lada bubuk, ayam suwir, aduk cepat sampai kental. Angkat dan sisihkan--Untuk membuat kulit: campur tepung terigu, air, garam, 1 butir telur, aduk dengan pengocok telur agak tidak mengggumpal. Setelah rata masukkan margarine yg sudah dicairkan. Aduk rata kembali.adonan dibuat jangan terlalu kental.--Panaskan wajan anti lengket, dadar adonan sampai habis.--Ambil lembaran kulit, letakkan di tengah kulit dadar isian rogut, tutup sisi kanan kirinya--Sebelum di goreng, celupkan gulungan dadar yg sudah diisi tadi kedalam telur dan balurkan dengan tepung roti ulangi sekali lagi.--Panaskan minyak, goreng hingga kecoklatan.--Risoles siap disajikan hangat dengan cabai rawit atau saos cabai.--Selamat mencoba--"
Gurame Saus Padang,"""['1 ekor gurame', '4 siung bawang putih (cincang halus)', '3 siung bawang merah (cincang halus)', '15 bh cabai merah (giling)', '7 buah cabai rawit iris tipis', '1/2 bawang bombang iris', 'Saus tiram', 'Saus tomat', 'Garam', 'Gula', 'Lada', '1 bh wortel iris tipis memanjang (opsional)', '1 buah tomat potong dadu (opsional)', '1 batang irisan daun bawang', '1 ruas jahe ukuran kecil iris tipis', 'Tepung maizena', '250 ml air', 'Tepung beras', 'Tepung terigu', 'Jeruk nipis/ lemon', 'Minyak sayur']""","Cuci bersih ikan gurame yang akan dimasak. Setelah itu lumuri ikan dengan air perasan jeruk nipis/lemon diamkan beberapa menit untuk menghilangkan bau amisnya--Campur tepung terigu,tepung beras dan garam menjadi satu,kemudian lumuri ikan dengan tepung tersebut lalu goreng hingga matang lalu tiriskan. Pastikan minyak yang digunakan sudah panas ya biar ikannya tidak lengketðŸ˜Š.--Tumis bawang merah bawang putih hingga harum,kemudian masukan cabai yang sudah giling, aduk rata--Tambahkan bawang bombay,saus tiram saus tomat dan jahe, aduk sebentar lalu tambahkan 250ml air--Kemudian tambahkan garam dan gula sesuai selera.--Masukkan irisan cabai rawit dan daun bawang dan tomat. Aduk rata. Kemudian tambahkan larutan maizena agar saus mengental--Jika tidak ada tepung maizena. Diamkan beberapa menit hingga kandungan air menyusut dan saus terlihat mengental--Tes rasa. Jika sudah pas. Sajikan dan gurame saus padang siap disantap!ðŸ˜Š--"
Ikan Kembung Bakar Teflon,"""['1/2 kg ikan kembung sate, bersihkan', '1 buah jeruk sate/jeruk kunci', '1 sdm garam halus', '2 sdt lada bubuk', '1 sdm ketumbar bubuk']""","Kucuri ikan dengan jeruk, diamkan 5 menit--Lumuri ikan dg garam, lada dan ketumbar bubuk, simpan d kulkas sekitar 30 menit--Bakar d atas teflon yg d olesi mentega/ butter tipis dengan api yg kecil--Balik untuk membakar kedua bagian ikan.--Sajikan dengan cocolan sambal kecap--"
Mujaer asam pedas manis,"""['1/2 kg ikan mujaer', '2 buah Wortel potong korek api', '1 siung bawang bombai', '7 siung bawang putih', '13 cabai rawit', '4 siung bawang merah', '2 sendok makan Saos tomat', '2 sendok makan Saos tiram', 'Garam', 'Merica', '100 ml air matang', 'Jahe', 'Jeruk nipis']""","Bersihkan ikan sampai benar-benar bersih. Kerat-kerat dagingnya. Beri garam, merica, potongan jahe perasan jeruk nipis, dan 2 siung bawang uleg. Diamkan 10 menit--Uleg 5 bawang putih yang tersisa. Potong bawang bombai dan dan bawang merah dan cabai rawit.--Goreng ikan mujaer hingga matang, lalu sisihkan.--Tumis bawang merah dan bawang bombai hingga wangi, masukkan bawang putih uleg. Tumis hingga wangi.--Masukkan wortel, tambahkan air. Aduk-aduk. Tunggu hingga wortel hampir matang.--Masukkan saos tomat dan saos tiram. Beri perasan jeruk nipis. Aduk-aduk Koreksi rasa. Jika sudah pas, masukkan ikan, aduk sebentar saja.--Siap disajikan.--"
Gurame Asam manis,"""['1/2 kg ikan gurame', '2 buah wortel (potong seperti batang korek api)', '5 siung bawang merah', '4 siung bawang putih', '1 bh tomat', 'Cabe besar (selera brp j)', 'Cabe kecil (selera brp j)', '2 sacet Saos sambel', 'Saos tomat', 'Tepung maizena', 'Kunyit', 'Garam, gula, merica bubuk']""","Uleg kunir sama garam kasih air lalu guraminya d rendam, diem in sekitar 10menitan lalu goreng gurame--Untuk Saos asam manis nya, gongso semua bumbu sampek harum, masukan wortel setelah itu kasih Saos Dan garam gula merica ladaku, rasain setelah pas rasanya baru masukan tepung meizena yg sudah d cairkan dengan air setelah mengental angkat--Tata gurame d atas piring siram saosnya Dan siap di santaaap...--"
Asam padeh ikan tuna,"""['1/2 kg ikan tuna', '6 siung bawang merah', '4 siung bawang putih', '2 ruas kemiri', '2 batang serai', '2 ruas kunyit', '2 ruas laos', '4 lembar daun jeruk', '1 lembar daun kunyit', '2 buah asam Kandis', '4 buah belimbing hulu', '6 buah cabai merah', '10 buah cabai rawit', '3 gelas air', '2 sendok garam', '1/2 sendok gula']","Haluskan bumbu (cabai merah, kemiri, bawang, kunyit, Laos)--Tumis bumbu sampai berubah warna--Tambahkan air--Masukkan serai yg sudah di geprek, daun kunyit, daun jeruk, asam Kandis, belimbing hulu, dan cabai rawit utuh (tdk dihaluskan dan tdk dipotong)--Tunggu sampai mendidih--Setelah mendidih, masukkan ikan tuna (sudah dicuci bersih dan diberi air perasan jeruk)--Kemudian beri garam dan gula secukupnya--Tunggu sampai air sedikit berkurang dan mengental--Asam padeh ikan tuna siap disajikan--"
Avocado Tuna Salad,"""['1 kaleng Tuna Chunks', '2 butir telur rebus', '3 buah kentang rebus', '2 buah avocado', '2 buah bawang merah', '12 biji zaitun', '1 buah timun', 'Sebongkol daun salada/lettuce', 'secukupnya Garam & merica']""","Campur semuanya dalam baskom, kecuali biji zaitun, telur rebus. Lalu tambahkan garam & merica--Tuang dalam piring saji, atur irisan telur & biji zaitun. Siap disajikan.--"
Lele Asam Manis,"""['1/2 kg Lele Segar', '180 ml air', '3 sdm kecap manis', '1 sdm margarine/minyak', '1/2 sdt saus tiram (optional)', '6 siung bawang merah', '5 siung bawang putih', '4 cabe merah', '2 buah kemiri', '1 sdt garam', '1/2 sdt penyedap rasa', '1/2 sdt gula pasir']""","Cuci bersihbikan, lalu goreng ikan lele agak matang tapi jangan sampai renyah. Tiriskan--Sambil menunggu, haluskan semua bumbu di atas.--Panaskan wajan dengan margarin.--Masukkan bumbu halus ke dalam wajan sampai harum. Tambahkan kecap, saus tiram dan air--Setelah berbau harum, barulah ikan lele dimasukkan.--Tunggu sampai bumbu meresap serta tes rasa. Setelah air tnggal sedikit, angkat dan sajikan.. Semoga membantu..--"
Pempek kulit ikan tenggiri,"""['500 gr kulit ikan tenggiri halus', '200 cc air matang', '1 sdt garam', '1 sdt Penyedap/ kaldu jamur', '1/2 sdt merica', '1/2 sdt gula', '60 ml santan kental', '5 siung bawang putih', '5 siung bawang merah', '350 gr sagu tani', '2 sdm terigu', '100 gr sagu untuk balur']",Aduk ikan tambahkan air sedikit demi sedikit bersamaan dgn garam--Masukkan terigu bersama santan--Masukkan sagu--Balurin tangan dgn sagu bentuk adonan dgn sendok makan--Letakkan di piring yg ditabur sagu--Goreng minyak panas sampai mengembang--Dinginkan--Potong2 lalu goreng--Siap menggoyang lidah sajikan dgn cuko--
Tumis Tongkol Petai,"""['2 bungkus tongkol', '2 cabe gendot', '2 papan petai', '2 cabe rawit', '2 bh cabe merah', '3 bh bawang merah', '3 bh bawang putih', '2 lembar daun salam', 'Secukupnya garam', 'Secukupnya gula putih']""","Cuci bersih ikan tongkol, goreng sebentar--Iris b. Merah, b. Putih, cabe merah, cabe rawit, cabe gendot. Tumis--Masukan petai, tambahkan sedikit air. Masukan garam, gula pasir. Cek rasa. Sajikan--"
Ikan Patin pedas manis,"""['500 gr ikan patin', '5 siung bawang merah iris tipis', '4 siung bawang putih iris tipis', '1/2 bawang bombay ukuran kecil iris tipis', 'Cabai merah keriting (sesuai selera) iris tipis', 'Cabai rawit setan (sesuai selera) biarkan utuh', '1 ruas lengkuas digeprek', '2 lembar daun jeruk', '2 sendok makan kecap', '3 batang bawang daun iris tipis']""","Ikan patin yang sudah dicuci bersih, dilumuri garam kemudian digoreng setengah kering--Tumis irisan bawang merah, putih, bombay dan cabai sampai dengan harum--Masukkan ikan yang sudah digoreng sebelumnya, kemudian tambahkan sedikit air--Masukkan kecap, lengkuas, daun jeruk, garam dan gula. Koreksi rasa--Biarkan sampai dengan meresap ke dalam daging ikan, setelah benar2 meresap terakhir masukkan irisan bawang daun dan cabai rawit setan, kemudian angkat dan sajikan--"
Gurame tahu tauco,"""['1 ekor gurame', '1 buah tahu kotak', '1 buah jeruk nipis', '1 buah bawang bombay', '3 siung bawang putih', '1 jari jahe', '3 buah cabe hijau besar buang biji', '2 buah cabe merah besar', '5 sdm tauco', 'Kecap asin', 'Kecap manis', 'Saos tiram', 'Minyak wijen', '1 sdt Angciu']""",Balurin gurame dgn jeruk nipis goreng--Goreng tahu kotak 2--Tumis bawang 2 ngan masukkan tauco--Masukkan kecap dll--Tambahkan sedikit air--Siap disajikan test rasa kurang asin tambah garam ya kl tauconya asin gak usah pake garam lg--
Gulai Ikan Kakap Merah khas Padang,"""['2 ekor Ikan Kakap merah ukuran agak besar, potong 2', '1/2 papan Tempe', '10 siung Bawang merah', '5 siung Bawang putih', '4 cm Jahe', '4 cm Kunyit', '2 sdm Cabe giling halus', '2 lbr Daun kunyit', '8 lbr Daun jeruk', '2 btg Sereh', '4 lbr Daun salam', '4 bh Asam kandis', 'Daun ruku ruku segenggam', '15 butir Rawit merah', '200 ml Santan kara', '500 ml Air']""","Tumis bumbu halus, cabe giling halus, daun kunyit, daun jeruk, daun salam, sereh dan asam kandis.--Masukkan santan cair (santan kara sebagian besar cairkan dengan air 500 ml sisanya di masukkan terakhir), daun ruku ruku dan cabe rawit.--Masukkan ikan, tempe, tunggu hingga mendidih kurang lebih 15 menit dengan api kecil.--Masukkan sisa santan kara yang masih kental, aduk2 sampai mendidih kembali.--Matikan api dan siap di sajikan.--"
Gurame crispy asam manis ala amih fatih,"""['1 ekor ikan gurame fillet', '1 buah jeruk nipis', '1 sdt lada bubuk', '1/2 sdt garam', '1 siung bawang putih', '1 pack tepung serbaguna pedas', '1 buah telur kocok lepas', '1 buah bawang bombay iris', '1 buah bawang putih iris', '1 buah wortel potong sesuai selera', '1 sdm saus tiram', '5 sdm saus tomat', '6 sdm saus sambal', 'secukupnya Gula', 'secukupnya Garam', 'secukupnya Lada', 'secukupnya Air']'","Cuci bersih ikan gurame filletnya--Campurkan sampai merata ikan dengan perasan jeruk nipis, bawang putih, garam, lada--Diamkan 15-20 menit--Siapkan mangkok berisi telur yg sudah di kocok--Siapkan tepung serbaguna--Bila ikan sudah meresap, ambil ikan tersebut celupkan ke dalam telur lalu baluri dengan tepung serbaguna.--Panaskan minyak untuk menggoreng. Masukan ikan yg sudah dilumuri tepung, goreng dengan api sedang sampai warna berubah kecoklatan--Angkat dan sisihkan dulu--Selanjutnya panaskan minyak untuk menumis.--Masukkan bawang putih, bawang bombay. Masak hingga harum--Lalu masukkan saus tiram, saus tomat, saus sambal, air secukupnya. Aduk hingga rata--Masukkan gula, garam, lada, tes rasanya apakah sudah sesuai.--Masukkan wortel hingga matang.--Aduk terus supaya tidak gosong--Bila sudah matang angkat dan taruh di mangkok.--Sajikan ikan dengan dicocol saus asam manisnya atau disiram di atas ikannya--"
Balado Tongkol & Tahu,"""['1 buah ikan tongkol sedang (iris menjadi 10 Bagian)', '5 buah tahu ukuran kecil', '2 lembar daun jeruk', 'secukupnya Gula & garam', '5 buah bawang merah', '2 buah bawang putih', '10 Cabe Merah', '5 cabe rawit', '1 buah tomat', '1 buah Gula merah ukuran sedang']""","Bersihkan tongkol yang sudah di iris. Goreng sampai matang.--Potong dadu tahu (ukuran kecil), goreng hingga kering.--Tumis bumbu yang sudah dihaluskan hingga wangi, masukkan daun jeruk, gula dan garam. Masukan air secukupnya.--Masukkan tongkol & tahu yang sudah digoreng. diamkan hingga mendidih & bumbu meresap.--Sajikan dan siap dihidangkan. ðŸ˜‰--"
Balado Ikan Sarden,"""['5 ekor ikan sarden', 'Jeruk nipis', 'secukupnya Garam', '15 buah Cabe keriting', '5 siung bawang merah', '1 buah tomat', 'secukupnya Garam + gula + penyedap rasa']""","Bersihkan ikan lalu lumuri dengan jeruk nipis dan garam dan biarkan 5 menit sampai garam meresap--Goreng ikan sampai garing.lalu tiriskan--Untuk membuat bumbu balado. Haluskan semua bumbu lalu tumis sampai masak dan keluar minyak.--Masukan garam gula dan penyedap rasa lalu koreksi rasa--Masukan ikan goreng tadi ke dalam bumbu balado, aduk sebentar lalu tiriskan.--Dan jadi ikan sarden balado--"
Ikan Nila (saos pedas asam manis),"""['1 ekor ikan nila ukuran jumbo', '1 ons Selada', '3 batang buncis (di potong panjang)', '1 buah kentang (di bagi 4)', '1/2 wortel (di potong korek api)', '1 bawang bombay ukuran kecil', '3 siung bawang putih', '7 sdm saos sambal', '5 sdm saos tomat', '3 sdm saos tiram', '1 sdt garam', '1 sdt lada / merica bubuk', 'Minyak goreng', '4 gelas air']""","Panas kan minyak goreng--Masukkan ikan nila sampai terendam seluruhnya--Goreng sampai kecoklatan dan matang--Angkat dan tiriskan--Rebus kentang wortel dan buncis dengan 3 gelas air dan 1/2 sdt garam--Angkat dan tiriskan rebusannya--Cara membuat saos :--Geprek dan cincang bawang putih, iris bawang bombay--Tumis bawang putih dan bawang bombay dengan sedikit minyak sampai harum--Masukkan saos tomat, saos sambal, dan saos tiram--Masukkan segelas air--Masukkan 1/2 sdt garam dan lada/merica bubuk--Masak hingga mendidih--Tata ikan dalam piring sesuai selera, letakkan ikan nila yg sudah di goreng dan siram dengan saos pedas asam manis--Selesai--"
Sarden kangkung ðŸ˜˜,"""['1 kaleng ikan sarden (Botan)', '1 genggam kangkung (pucuknya saja, cuci bersih)', '4 siung bawang putih (iris)', '5 siung bawang merah (iris)', 'Cabe rawit sesuai selera', '1 batang daun bawang (iris)', '1 batang sereh (geprek)', '2 ruas jahe (geprek)', '2 lembar daun jeruk', 'Garam secukupnya', 'Royco secukupnya', 'Gula secukupnya', 'Kecap secukupnya', 'Air secukupnya', 'Minyak untuk menumis']""","Tumis semua bumbu sampai harum, masukan ikan sarden, tambahkan air, lalu royco,gula,garam,dan kecap, setelah men ddih, masukan kangkunh, masak sampai kangkung matang, tes rasa lalau angkat dan sajikan--Nikmat d makan dengan nasi hangat--Nikmat d makan dengan nasi hangat--"
Bandeng presto,"""[ '3 kg bandeng (bersihkan)', '3 ruas kunyit', '5 bawang merah', '7 bawang putih', '1 ruas jahe', '1/2 sdt ketumbar', 'Garam secukupnya', '2 ruas lengkuas', '2 lembar daun salam', '1 batang serai', '2 lembar daun jeruk', 'Air secukupnya', 'Kocokan telur secukupnya' ]""","Susun bandeng dalam panci presto.tambahkan bumbu halus dan bumbu cemplung.tambah kan air secukupnya sampai smua ikan terendam.--Masak selama 1,5 jam.dinginkan.potong2 dan goreng dengan balutan telur--"
 Pesmol Ikan Kerapu,"""[ '3 ekor ikan kerapu (potong 2)', '8 bawang merah', '4 bawang putih', '3 cm jahe', '3 cm kunyit', '6 kemiri', '6 daun jeruk', '4 daun salam', '1 sereh', '3 cm lengkuas (geprek)', '15 cabe rawit', '1 tomat kecil', '1 wortel kecil', '2 daun bawang', '1 jeruk nipis (airnya)', '100 ml air', 'Garam', 'Gula' ]""","Bersihkan ikan kerapu, beri garam, goreng kering--Tumis bumbu halus, daun jeruk, daun salam, sereh dan lengkuas sampai harum.--Masukkan wortel dan cabe rawit masak sampai wortel dan cabe agak lunak.--Masukkan air, air jeruk nipis, garam dan gula. Masak sampai mendidih.--Masukkan ikan yang sudah di goreng.--Masak sampai air agak menyusut, masukkan tomat dan daun bawang. Masak sebentar.
Angkat dan sajikan ðŸ˜‰--"
Mujair bumbu pepes,"""[ '5 ekor mujair ukuran sedang', '5 bawang merah', '2 bawang putih', '1 cm jahe', '2 kemiri', '1 sdt kunyit halus', '7 cabe rawit', '1 daun kunyit (sobek)', '1 tomat (potong kecil)' ]""","Haluskan semua bumbu kecuali kunyit dan daun kunyit,--Tumis semua bumbu dengan 4 sdm minyak beri air sedikit aduk,biarkan bumbu sampai matang,--Bila bumbu sudah matang, masukkan ikan yg sudah dibersihkan,aduk sampai ikan terbalut bumbu, diamkan sesaat, beri tomat dan air 1 gls masak ikan sampai matang dan kuah mengering dengan membalik 1x, tutup,koreksi rasa, sajikan mujair bumbu pepes hangat ataupun dingin--Met mencoba yaa--"
Ikan dencis bumbu sarden pedas nyemek-nyemek,"""[ '9 ekor ikan dencis (digoreng)', '9 telur puyuh rebus', '1 ons terong (atau tahu/kentang)', '1 ons cabe merah', '15 cabe rawit', '1 kemiri', '2 ons tomat', '7 bawang putih', '10 bawang merah', '1/2 sdt merica putih', '1 ons tomat iris', '6 cabe rawit iris', '5 cabe merah besar iris', '2 ons bawang bombay iris', '1 daun jeruk', 'Minyak', '200 ml air', 'Garam', 'Gula diabetasol (opsional)', '1/2 sdm saus cabe', 'Penyedap (opsional)' ]""","Haluskan semua bumbu halus, sehalus-halusnya. Tumis hingga benar-benar tanak.--Masukkan ikan dan terong yg sudah di goreng. Telur belakangan yaaa!--Masukkan bumbu yg diiris, gula, garam, saus, penyedap.--Masukkan air serta daun jeruk.--Ketika hampir tanak masukkan telur.--Setelah tanak, angkat dan sajikan ðŸ˜Šâ˜ºï¸----"
Sambal ikan Lele,"""[ '1/2 kg ikan lele (potong)', '10 cabe merah keriting', '5 cabe rawit', '2 tomat sedang', '4 bawang merah', '3 bawang putih', '2 kemiri', '1 cm jahe', '1 cm terasi bakar', '1 jeruk sambal', 'Gula merah', 'Garam', 'Pucuk daun kemangi' ]""","Cuci bersih ikan lele (tips biar lele gak licin waktu mencuci tambahkan sedikit air panas dan air utk mencuci agar lendir berkurang) potong mjd beberapa bagian.--Balut ikan dengan bumbu racik ikan goreng beri sedikit perasan jeruk nipis. (Klo gaada bisa pake lada&garam)--Rebus cabai dan tomat hingga layu(agar mudah di haluskan). Sembari menunggu haluskan bw.merah,bw putih,kemiri,jahe,trasi bakar dan gula merah. Lalu haluskan bersama cabai dan tomat yg sudah di rebus. Beri irisan jeruk sambal.--Goreng lele sampai kering. Lalu tiriskan--Tumis sambal/bumbu yg sudah di haluskan sampai harum dan matang (lebih enak pakai minyak bekas menggoreng ikan lele) beri sedikit garam, Masukan kemangi dan lele yg sudah di goreng.--Tes rasa dan sajikan.--"
Ikan cucut sambal pedas pake pete,"[ '3 ikan cucut', '5 pete', '2 bawang merah', '1 bawang putih', '1 tomat', '1 daun salam', '3 cabe keriting', '3 cabe rawit', 'Garam', 'Penyedap', 'Gula putih secukupnya' ]","Rendam dahulu ikan cucut kurang lebih sampe 15 menit agar tidak terlalu asin bila d masak--Goreng ikan cucut smpe setengah mateng--Ulek cabe keriting,cabe rawit,bawang merah,bawang putih, dan tomat sampe halus--Tumis bumbu tersebut hingga harum--Lalu campurkan garam penyedap gula salam dan pete,bisa d tambah kan air secukup nya--Masukan ikan cucut sampe bumbu nya meresap--Lalu hidangkan--"
Nila Goreng Sambal Matah,"""[ 'Fillet ikan nila', 'Jeruk lemon', '3 bawang merah', '2 bawang putih', '1 kunyit', 'Ketumbar', 'Merica', 'Garam', 'Daun jeruk', 'Cabe rawit merah & hijau', 'Minyak' ]""","Siapkan nila fillet (bisa diganti dengan dori/gurame), lumuri dengan perasan jeruk lemon minimal 15 menit.--Lumuri dengan bumbu kuning halus, ketumbar bubuk, merica dan garam. Bila tidak ada bumbu kuning siap pakai, bisa membuat dari bawang merah 3, bawang putih 2, kunyit 1 lalu diblender. Diamkan selama 15-30 menit.--Goreng ikan hingga matang lalu sisihkan.--Iris daun jeruk, serai, cabe rawit merah, cabe rawit hijau, bawang merah. Lalu siram menggunakan minyak panas, aduk dgn sedikit ditekan. Lalu tuang ke atas ikan. Siap disajikan.--"
Salmon (tetelan) Teriyaki,"""[ '250 gr tetelan salmon', '1/2 jeruk lemon (peras)', '2 jahe (geprek)', '500 gr jamur kuping', '7 baby corn', '1/4 paprika hijau', '6 cabe rawit', '5 sdm kecap manis', '1 sdm saus tiram', '3 sdm saus teriyaki', '1 bawang bombay', '4 bawang putih', '6 bawang merah', '2 sdt garam', '2 sdt lada putih', '1/4 sdt lada hitam', '750 ml air', '1 lengkuas (geprek)', '3 sdm minyak' ]""","Panaskan 500 ml air. Masukkan air perasan jeruk lemon, buah lemon pasca diperas & 1/2 ruas jahe. Biarkan sampai mendidih.--Masukkan tetelan salmon, rebus hingga matang & bau amis menghilang (sekitar 20-25 menit dengan api sedang). Tambahkan 1 sdt garam & 1 sdt lada putih.--Matikan kompor, tiriskan salmon yang sudah matang.--Panaskan minyak goreng dengan api sedang. Tumislah bumbu (bawang putih, bawang merah, bawang bombay) hingga berbau harum. Masukkan paprika hijau & cabe rawit, tumis hingga baunya menyatu.--Tambahkan kecap manis,saus teriyaki & saus tiram. Masukkan tetelan salmon matang, tumis bersama bumbu hingga berubah warna kecoklatan (tanda sudah menyatu dengan bumbu).--Masukkan irisan jamur kuping & baby corn, tumis hingga jamur layu & baby corn menyatu dengan bumbu. Tambahkan 250 ml air, tunggu sampai jamur & baby corn matang.--Kecilkan api ketika air sudah makin surut, masukkan 1,5 ruas jahe & 1 ruas lengkuas. Tambahkan 1 sdt garam, 1 sdt lada putih & 1/4 sdt lada hitam.--Matikan api & pindahkaan masakan dari teflon ke piring saji. Tetelan salmon teriyaki siap disajikan bersama nasi merah hangat.--"
Dadar telor ikan tongkol,"""[ '1 ikan tongkol', '2 telur', '1 ikat daun bawang', '1/2 sdt garam' ]""","Goreng ikan tongkol setengah matang lalu suwirÂ²--PotongÂ² bawang daun lalu campur semua kocok jadi satu dalam wadah--Goreng sesendokÂ² klo dah kuning keemasan angkat lalu tiriskan, soap disajikan sebagai lauk sayur asem cucok banget--Bisa jg langsung digoreng jadi satu pas nanti dipotongÂ² sesuai selera, selamat mencoba moms ðŸ˜Š--"
31. Lele Goreng Krenyes No Amis,"""[ '1/2 kg lele (sayat)', '1 jeruk nipis', 'Minyak untuk menggoreng', '3 bawang putih', '2 bawang merah', '1 cm kunyit', '1 sdt ketumbar', 'Garam secukupnya' ]""","Bersihkan lele dan buang isinya, lalu Haluskan bumbu yg ada lalu tambahkan sedikit air--Masukkan lele kedalam bumbu lalu tambahkan perasan air jeruk nipis k seluruh bagian lele--Diamkan lele -+30 menit--Panaskan minyak di penggirengan lalu goreng lele hingga bener2 kering--Angkat lele lalu tiriskab--Siap dihidangkan--"
Pindang patin,"""[ '1 kg patin', '7 cabe rawit', '7 cabe merah keriting', '5 bawang putih', '5 bawang merah', '1 sdm lada', '4 kemiri', '5 cengkeh', '2 terasi', '3 daun salam', '4 daun jeruk', '3 sereh', '3 tomat', '1 sdt asam jawa', '2 ruas jahe', '2 ruas lengkuas', '1 ikat kemangi', '2 daun bawang', '2 sdm kecap manis', '1 gula merah', 'Garam', 'Penyedap', '1 sdt gula putih' ]""","Bersihkan ikan patin,potong"" sesuai selera.sisihkan--Haluskan baput,lada,kemiri,cengkeh,trasi.--Potong"" cabe rawit,cabe merah,tomat,daun bawang,jahe,bamer.serai dan lengkuas digeprek--Tumis bamer sampai harum.kemudian masukan bumbu yg sudah dihaluskan.tumis sampai harum,masukan serai,lengkuas,cabai,daun salam,daun jeruk,kecap,asam jawa,aduk rata--Masukan ikan patin,garam,penyedap rasa,gula merah n putih,aduk rata.--Tambahkan air sesuai selera.masak kira"" 15 menit--Setelah 15 menit dan dirasa sdh matang masukan daun bawang,tomat & kemangi.aduk rata--Koreksi rasa,angkat & sajikan--"
Pepes Aceh ikan tongkol,"""[ '1/2 kg anak ikan tongkol', '2 sereh (rajang)', 'Segenggam cabe rawit utuh', '1 daun temurui', 'Segenggam belimbing wuluh (potong serong)', '5 daun jeruk (rajang)', '2 sdm bawang goreng', '20 cabe rawit', 'Seruas kunyit', '2 genggam asam sunti', '7 bawang merah', '4 bawang putih', '1/2 sdt jinten', 'Penyedap (opsional)' ]""","Cuci bersih ikan,kucuri dgn jeruk nipis dan garam--Haluskan bumbu, lalu tumis bumbu hingga harum beri sedikit garam, gula dan penyedap--Campur bumbu yg sdh ditumis td ke dlm ikan, aduk rata--Tambahkan, rajangan sereh, belimbingwuluh, cabe rawit,daun temurui dan bawang goreng, aduk hingga bumbu merata--Bungkus dgn daun pisang ikan yg sdh dibumbui td, lalu kukus hingga matang.--Terakhir panggang pepes di teflon sebentar sambil dibolak balik, Angkat dan sajikan--"
Tuna Tepung Siram Saus,"""[ '1/2 kg ikan tuna', '1 bawang bombay', '1 bungkus tepung serbaguna', '2 daun salam', 'Saus tomat', 'Saus sambal', '5 bawang merah', '3 bawang putih', '3 cabe keriting', 'Lada bubuk', 'Penyedap', 'Garam', 'Gula', '200 ml air' ]""","Potong ikan seperti dadu, baluri tepung yang sudah di beri air sedikit--Goreng tuna Tepung hingga matang--Iris duo bawang dan cabai serta iris kasar bawang bombai--Tumis bumbu iris sampai harum, masukkan saus tomat, saus cabe, lada bubuk, iris an bawang bombai garam, gula, penyedap, dan air. Biarkan sampai mendidik lalu masukkan Tina tepung yang sudah di goreng. Diamkan sebentar dan siap di hidangan :)--"
Ikan Dencis Bumbu Kuning Cabe Rawit,"""[ '500 gr dencis', 'Daun prei', 'Garam', '5 bawang putih', '3 bawang merah', '15 cabe merah besar', '5 cabe rawit', '1 sdt garam', '1/2 sdt gula pasir', '1/2 sdt kaldu bubuk' ]""","Ikan di bersihkan, di siangi. Lalu cuci bersih--Panaskan minyak (sampai benar-benar panas). Goreng ikan dengan deep fry agar tidak lengket di penggorengan.--Blender bumbu halus (bawang putih, bawang merah, kemiri, jahe)--Cabe rawit di iris belah dua dan tomat di potong dadu--Tumis bumbu halus sampai matang dan harum.--Setelah matang dan harum, masukkan cabe rawit dan tomat.--Jangan tambahkan garam dan gula.--Tambahkan sedikit air, cek rasa apakah garam dan gula sudah pas.--Masukkan ikan dencis yang telah goreng. Ratakan dengan bumbu. Tambahkan irisan daun prei.--Ikan dencis bumbu kuning cabe hijau siap di hidangkan..--"
Bandeng Keropok,"""['2 bandeng ukuran sedang', '1 sdt ketumbar', '1 siung bawang putih', '1/2 sdt garam', 'Secukupnya air (untuk mencairkan bumbu halus)', 'Minyak untuk menggoreng', '6 cabe rawit (sesuaikan tingkat pedas)', '1 siung bawang putih (untuk sambal)', '1/2 sdt terasi', '1 iris jeruk nipis', '2 sdm kecap manis', '3 cabe rawit iris halus']""","Bersihkan bandeng, dikerat agak banyak kemudian dibalur dengan bumbu halus yg sdh dicampur air, diamkan 10 mnt spy bumbu meresap.--Setelah bumbu meresap,goreng jng terlalu kering. Sisihkan--Utk sambal, haluskan cabe, bw putih&terasi--Campur sambal dengan kecap manis, tambah perasan jeruk nipis&cabe iris.aduk rata.--Penyajian: tambahkan sambal diatas bandeng goreng ketika akan dihidangkan. Selamat mencoba.--"
Sop Ikan Patin,"""['1/2 kg ikan patin', '4 siung bawang merah', '3 siung bawang putih', 'Secukupnya lada', 'Seruas jahe', 'Seruas kunyit', 'Seruas lengkuas', '1 lembar daun salam', '1 batang serai', '2 lembar daun jeruk', 'Daun bawang secukupnya', 'Daun seledri secukupnya', '1 buah tomat', 'Secukupnya wortel', 'Secukupnya garam', 'Secukupnya gula pasir', 'Secukupnya bubuk kaldu', '1 buah jeruk nipis']""","Cuci bersih ikan patin lumuri dengan garam dan jeruk nipis--Iris tipis bamer dan baput--Tumis bamer, baput, daun salam, sereh, daun jeruk, jahe kunyit dan lengkuas yang dimemarkan--Masukkan air ke dalam tumisan bumbu secukupnya. masak hingga air mendidih--Masukkan gula garam bubuk kaldu, daun bawang, seledri, koreksi rasa--Masukkan ikan patin dan tomat--Masak hingga matang--"
